AnimalName,Month,Hemisphere,Availability
anchovy,January,Northern,4 AM – 9 PM
anchovy,February,Northern,4 AM – 9 PM
anchovy,March,Northern,4 AM – 9 PM
anchovy,April,Northern,4 AM – 9 PM
anchovy,May,Northern,4 AM – 9 PM
anchovy,June,Northern,4 AM – 9 PM
anchovy,July,Northern,4 AM – 9 PM
anchovy,August,Northern,4 AM – 9 PM
anchovy,September,Northern,4 AM – 9 PM
anchovy,October,Northern,4 AM – 9 PM
anchovy,November,Northern,4 AM – 9 PM
anchovy,December,Northern,4 AM – 9 PM
anchovy,January,Southern,4 AM – 9 PM
anchovy,February,Southern,4 AM – 9 PM
anchovy,March,Southern,4 AM – 9 PM
anchovy,April,Southern,4 AM – 9 PM
anchovy,May,Southern,4 AM – 9 PM
anchovy,June,Southern,4 AM – 9 PM
anchovy,July,Southern,4 AM – 9 PM
anchovy,August,Southern,4 AM – 9 PM
anchovy,September,Southern,4 AM – 9 PM
anchovy,October,Southern,4 AM – 9 PM
anchovy,November,Southern,4 AM – 9 PM
anchovy,December,Southern,4 AM – 9 PM
angelfish,May,Northern,4 PM – 9 AM
angelfish,June,Northern,4 PM – 9 AM
angelfish,July,Northern,4 PM – 9 AM
angelfish,August,Northern,4 PM – 9 AM
angelfish,September,Northern,4 PM – 9 AM
angelfish,October,Northern,4 PM – 9 AM
angelfish,November,Southern,4 PM – 9 AM
angelfish,December,Southern,4 PM – 9 AM
angelfish,January,Southern,4 PM – 9 AM
angelfish,February,Southern,4 PM – 9 AM
angelfish,March,Southern,4 PM – 9 AM
angelfish,April,Southern,4 PM – 9 AM
arapaima,June,Northern,4 PM – 9 AM
arapaima,July,Northern,4 PM – 9 AM
arapaima,August,Northern,4 PM – 9 AM
arapaima,September,Northern,4 PM – 9 AM
arapaima,December,Southern,4 PM – 9 AM
arapaima,January,Southern,4 PM – 9 AM
arapaima,February,Southern,4 PM – 9 AM
arapaima,March,Southern,4 PM – 9 AM
arowana,June,Northern,4 PM – 9 AM
arowana,July,Northern,4 PM – 9 AM
arowana,August,Northern,4 PM – 9 AM
arowana,September,Northern,4 PM – 9 AM
arowana,December,Southern,4 PM – 9 AM
arowana,January,Southern,4 PM – 9 AM
arowana,February,Southern,4 PM – 9 AM
arowana,March,Southern,4 PM – 9 AM
barred knifejaw,March,Northern,All day
barred knifejaw,April,Northern,All day
barred knifejaw,May,Northern,All day
barred knifejaw,June,Northern,All day
barred knifejaw,July,Northern,All day
barred knifejaw,August,Northern,All day
barred knifejaw,September,Northern,All day
barred knifejaw,October,Northern,All day
barred knifejaw,November,Northern,All day
barred knifejaw,September,Southern,All day
barred knifejaw,October,Southern,All day
barred knifejaw,November,Southern,All day
barred knifejaw,December,Southern,All day
barred knifejaw,January,Southern,All day
barred knifejaw,February,Southern,All day
barred knifejaw,March,Southern,All day
barred knifejaw,April,Southern,All day
barred knifejaw,May,Southern,All day
barreleye,January,Northern,9 PM – 4 AM
barreleye,February,Northern,9 PM – 4 AM
barreleye,March,Northern,9 PM – 4 AM
barreleye,April,Northern,9 PM – 4 AM
barreleye,May,Northern,9 PM – 4 AM
barreleye,June,Northern,9 PM – 4 AM
barreleye,July,Northern,9 PM – 4 AM
barreleye,August,Northern,9 PM – 4 AM
barreleye,September,Northern,9 PM – 4 AM
barreleye,October,Northern,9 PM – 4 AM
barreleye,November,Northern,9 PM – 4 AM
barreleye,December,Northern,9 PM – 4 AM
barreleye,January,Southern,9 PM – 4 AM
barreleye,February,Southern,9 PM – 4 AM
barreleye,March,Southern,9 PM – 4 AM
barreleye,April,Southern,9 PM – 4 AM
barreleye,May,Southern,9 PM – 4 AM
barreleye,June,Southern,9 PM – 4 AM
barreleye,July,Southern,9 PM – 4 AM
barreleye,August,Southern,9 PM – 4 AM
barreleye,September,Southern,9 PM – 4 AM
barreleye,October,Southern,9 PM – 4 AM
barreleye,November,Southern,9 PM – 4 AM
barreleye,December,Southern,9 PM – 4 AM
betta,May,Northern,9 AM – 4 PM
betta,June,Northern,9 AM – 4 PM
betta,July,Northern,9 AM – 4 PM
betta,August,Northern,9 AM – 4 PM
betta,September,Northern,9 AM – 4 PM
betta,October,Northern,9 AM – 4 PM
betta,November,Southern,9 AM – 4 PM
betta,December,Southern,9 AM – 4 PM
betta,January,Southern,9 AM – 4 PM
betta,February,Southern,9 AM – 4 PM
betta,March,Southern,9 AM – 4 PM
betta,April,Southern,9 AM – 4 PM
bitterling,November,Northern,All day
bitterling,December,Northern,All day
bitterling,January,Northern,All day
bitterling,February,Northern,All day
bitterling,March,Northern,All day
bitterling,May,Southern,All day
bitterling,June,Southern,All day
bitterling,July,Southern,All day
bitterling,August,Southern,All day
bitterling,September,Southern,All day
black bass,January,Northern,All day
black bass,February,Northern,All day
black bass,March,Northern,All day
black bass,April,Northern,All day
black bass,May,Northern,All day
black bass,June,Northern,All day
black bass,July,Northern,All day
black bass,August,Northern,All day
black bass,September,Northern,All day
black bass,October,Northern,All day
black bass,November,Northern,All day
black bass,December,Northern,All day
black bass,January,Southern,All day
black bass,February,Southern,All day
black bass,March,Southern,All day
black bass,April,Southern,All day
black bass,May,Southern,All day
black bass,June,Southern,All day
black bass,July,Southern,All day
black bass,August,Southern,All day
black bass,September,Southern,All day
black bass,October,Southern,All day
black bass,November,Southern,All day
black bass,December,Southern,All day
blowfish,November,Northern,9 PM – 5 AM
blowfish,December,Northern,9 PM – 5 AM
blowfish,January,Northern,9 PM – 5 AM
blowfish,February,Northern,9 PM – 5 AM
blowfish,May,Southern,9 PM – 5 AM
blowfish,June,Southern,9 PM – 5 AM
blowfish,July,Southern,9 PM – 5 AM
blowfish,August,Southern,9 PM – 5 AM
blue marlin,January,Northern,All day
blue marlin,February,Northern,All day
blue marlin,March,Northern,All day
blue marlin,April,Northern,All day
blue marlin,July,Northern,All day
blue marlin,August,Northern,All day
blue marlin,September,Northern,All day
blue marlin,November,Northern,All day
blue marlin,December,Northern,All day
blue marlin,January,Southern,All day
blue marlin,February,Southern,All day
blue marlin,March,Southern,All day
blue marlin,May,Southern,All day
blue marlin,June,Southern,All day
blue marlin,July,Southern,All day
blue marlin,August,Southern,All day
blue marlin,September,Southern,All day
blue marlin,October,Southern,All day
bluegill,January,Northern,9 AM – 4 PM
bluegill,February,Northern,9 AM – 4 PM
bluegill,March,Northern,9 AM – 4 PM
bluegill,April,Northern,9 AM – 4 PM
bluegill,May,Northern,9 AM – 4 PM
bluegill,June,Northern,9 AM – 4 PM
bluegill,July,Northern,9 AM – 4 PM
bluegill,August,Northern,9 AM – 4 PM
bluegill,September,Northern,9 AM – 4 PM
bluegill,October,Northern,9 AM – 4 PM
bluegill,November,Northern,9 AM – 4 PM
bluegill,December,Northern,9 AM – 4 PM
bluegill,January,Southern,9 AM – 4 PM
bluegill,February,Southern,9 AM – 4 PM
bluegill,March,Southern,9 AM – 4 PM
bluegill,April,Southern,9 AM – 4 PM
bluegill,May,Southern,9 AM – 4 PM
bluegill,June,Southern,9 AM – 4 PM
bluegill,July,Southern,9 AM – 4 PM
bluegill,August,Southern,9 AM – 4 PM
bluegill,September,Southern,9 AM – 4 PM
bluegill,October,Southern,9 AM – 4 PM
bluegill,November,Southern,9 AM – 4 PM
bluegill,December,Southern,9 AM – 4 PM
butterfly fish,April,Northern,All day
butterfly fish,May,Northern,All day
butterfly fish,June,Northern,All day
butterfly fish,July,Northern,All day
butterfly fish,August,Northern,All day
butterfly fish,September,Northern,All day
butterfly fish,October,Southern,All day
butterfly fish,November,Southern,All day
butterfly fish,December,Southern,All day
butterfly fish,January,Southern,All day
butterfly fish,February,Southern,All day
butterfly fish,March,Southern,All day
carp,January,Northern,All day
carp,February,Northern,All day
carp,March,Northern,All day
carp,April,Northern,All day
carp,May,Northern,All day
carp,June,Northern,All day
carp,July,Northern,All day
carp,August,Northern,All day
carp,September,Northern,All day
carp,October,Northern,All day
carp,November,Northern,All day
carp,December,Northern,All day
carp,January,Southern,All day
carp,February,Southern,All day
carp,March,Southern,All day
carp,April,Southern,All day
carp,May,Southern,All day
carp,June,Southern,All day
carp,July,Southern,All day
carp,August,Southern,All day
carp,September,Southern,All day
carp,October,Southern,All day
carp,November,Southern,All day
carp,December,Southern,All day
catfish,May,Northern,4 PM – 9 AM
catfish,June,Northern,4 PM – 9 AM
catfish,July,Northern,4 PM – 9 AM
catfish,August,Northern,4 PM – 9 AM
catfish,September,Northern,4 PM – 9 AM
catfish,October,Northern,4 PM – 9 AM
catfish,November,Southern,4 PM – 9 AM
catfish,December,Southern,4 PM – 9 AM
catfish,January,Southern,4 PM – 9 AM
catfish,February,Southern,4 PM – 9 AM
catfish,March,Southern,4 PM – 9 AM
catfish,April,Southern,4 PM – 9 AM
char,March,Northern,4 PM – 9 AM
char,April,Northern,4 PM – 9 AM
char,May,Northern,4 PM – 9 AM
char,June,Northern,4 PM – 9 AM
char,September,Northern,4 PM – 9 AM
char,October,Northern,4 PM – 9 AM
char,November,Northern,4 PM – 9 AM
char,January,Southern,4 PM – 9 AM
char,February,Southern,4 PM – 9 AM
char,March,Southern,4 PM – 9 AM
char,April,Southern,4 PM – 9 AM
char,May,Southern,4 PM – 9 AM
char,September,Southern,4 PM – 9 AM
char,October,Southern,4 PM – 9 AM
char,November,Southern,4 PM – 9 AM
char,December,Southern,4 PM – 9 AM
cherry salmon,March,Northern,4 PM – 9 AM
cherry salmon,April,Northern,4 PM – 9 AM
cherry salmon,May,Northern,4 PM – 9 AM
cherry salmon,June,Northern,4 PM – 9 AM
cherry salmon,September,Northern,4 PM – 9 AM
cherry salmon,October,Northern,4 PM – 9 AM
cherry salmon,November,Northern,4 PM – 9 AM
cherry salmon,March,Southern,4 PM – 9 AM
cherry salmon,April,Southern,4 PM – 9 AM
cherry salmon,May,Southern,4 PM – 9 AM
cherry salmon,June,Southern,4 PM – 9 AM
cherry salmon,September,Southern,4 PM – 9 AM
cherry salmon,October,Southern,4 PM – 9 AM
cherry salmon,November,Southern,4 PM – 9 AM
cherry salmon,December,Southern,4 PM – 9 AM
clown fish,April,Northern,All day
clown fish,May,Northern,All day
clown fish,June,Northern,All day
clown fish,July,Northern,All day
clown fish,August,Northern,All day
clown fish,September,Northern,All day
clown fish,October,Southern,All day
clown fish,November,Southern,All day
clown fish,December,Southern,All day
clown fish,January,Southern,All day
clown fish,February,Southern,All day
clown fish,March,Southern,All day
coelacanth,January,Northern,All day
coelacanth,February,Northern,All day
coelacanth,March,Northern,All day
coelacanth,April,Northern,All day
coelacanth,May,Northern,All day
coelacanth,June,Northern,All day
coelacanth,July,Northern,All day
coelacanth,August,Northern,All day
coelacanth,September,Northern,All day
coelacanth,October,Northern,All day
coelacanth,November,Northern,All day
coelacanth,December,Northern,All day
coelacanth,January,Southern,All day
coelacanth,February,Southern,All day
coelacanth,March,Southern,All day
coelacanth,April,Southern,All day
coelacanth,May,Southern,All day
coelacanth,June,Southern,All day
coelacanth,July,Southern,All day
coelacanth,August,Southern,All day
coelacanth,September,Southern,All day
coelacanth,October,Southern,All day
coelacanth,November,Southern,All day
coelacanth,December,Southern,All day
crawfish,April,Northern,All day
crawfish,May,Northern,All day
crawfish,June,Northern,All day
crawfish,July,Northern,All day
crawfish,August,Northern,All day
crawfish,September,Northern,All day
crawfish,October,Southern,All day
crawfish,November,Southern,All day
crawfish,December,Southern,All day
crawfish,January,Southern,All day
crawfish,February,Southern,All day
crawfish,March,Southern,All day
crucian carp,January,Northern,All day
crucian carp,February,Northern,All day
crucian carp,March,Northern,All day
crucian carp,April,Northern,All day
crucian carp,May,Northern,All day
crucian carp,June,Northern,All day
crucian carp,July,Northern,All day
crucian carp,August,Northern,All day
crucian carp,September,Northern,All day
crucian carp,October,Northern,All day
crucian carp,November,Northern,All day
crucian carp,December,Northern,All day
crucian carp,January,Southern,All day
crucian carp,February,Southern,All day
crucian carp,March,Southern,All day
crucian carp,April,Southern,All day
crucian carp,May,Southern,All day
crucian carp,June,Southern,All day
crucian carp,July,Southern,All day
crucian carp,August,Southern,All day
crucian carp,September,Southern,All day
crucian carp,October,Southern,All day
crucian carp,November,Southern,All day
crucian carp,December,Southern,All day
dab,October,Northern,All day
dab,November,Northern,All day
dab,December,Northern,All day
dab,January,Northern,All day
dab,February,Northern,All day
dab,March,Northern,All day
dab,April,Northern,All day
dab,April,Southern,All day
dab,May,Southern,All day
dab,June,Southern,All day
dab,July,Southern,All day
dab,August,Southern,All day
dab,September,Southern,All day
dab,October,Southern,All day
dace,January,Northern,4 PM – 9 AM
dace,February,Northern,4 PM – 9 AM
dace,March,Northern,4 PM – 9 AM
dace,April,Northern,4 PM – 9 AM
dace,May,Northern,4 PM – 9 AM
dace,June,Northern,4 PM – 9 AM
dace,July,Northern,4 PM – 9 AM
dace,August,Northern,4 PM – 9 AM
dace,September,Northern,4 PM – 9 AM
dace,October,Northern,4 PM – 9 AM
dace,November,Northern,4 PM – 9 AM
dace,December,Northern,4 PM – 9 AM
dace,January,Southern,4 PM – 9 AM
dace,February,Southern,4 PM – 9 AM
dace,March,Southern,4 PM – 9 AM
dace,April,Southern,4 PM – 9 AM
dace,May,Southern,4 PM – 9 AM
dace,June,Southern,4 PM – 9 AM
dace,July,Southern,4 PM – 9 AM
dace,August,Southern,4 PM – 9 AM
dace,September,Southern,4 PM – 9 AM
dace,October,Southern,4 PM – 9 AM
dace,November,Southern,4 PM – 9 AM
dace,December,Southern,4 PM – 9 AM
dorado,June,Northern,4 AM – 9 PM
dorado,July,Northern,4 AM – 9 PM
dorado,August,Northern,4 AM – 9 PM
dorado,September,Northern,4 AM – 9 PM
dorado,December,Southern,4 AM – 9 PM
dorado,January,Southern,4 AM – 9 PM
dorado,February,Southern,4 AM – 9 PM
dorado,March,Southern,4 AM – 9 PM
football fish,November,Northern,4 PM – 9 AM
football fish,December,Northern,4 PM – 9 AM
football fish,January,Northern,4 PM – 9 AM
football fish,February,Northern,4 PM – 9 AM
football fish,March,Northern,4 PM – 9 AM
football fish,April,Southern,4 PM – 9 AM
football fish,May,Southern,4 PM – 9 AM
football fish,June,Southern,4 PM – 9 AM
football fish,July,Southern,4 PM – 9 AM
football fish,August,Southern,4 PM – 9 AM
football fish,September,Southern,4 PM – 9 AM
freshwater goby,January,Northern,4 PM – 9 AM
freshwater goby,February,Northern,4 PM – 9 AM
freshwater goby,March,Northern,4 PM – 9 AM
freshwater goby,April,Northern,4 PM – 9 AM
freshwater goby,May,Northern,4 PM – 9 AM
freshwater goby,June,Northern,4 PM – 9 AM
freshwater goby,July,Northern,4 PM – 9 AM
freshwater goby,August,Northern,4 PM – 9 AM
freshwater goby,September,Northern,4 PM – 9 AM
freshwater goby,October,Northern,4 PM – 9 AM
freshwater goby,November,Northern,4 PM – 9 AM
freshwater goby,December,Northern,4 PM – 9 AM
freshwater goby,January,Southern,4 PM – 9 AM
freshwater goby,February,Southern,4 PM – 9 AM
freshwater goby,March,Southern,4 PM – 9 AM
freshwater goby,April,Southern,4 PM – 9 AM
freshwater goby,May,Southern,4 PM – 9 AM
freshwater goby,June,Southern,4 PM – 9 AM
freshwater goby,July,Southern,4 PM – 9 AM
freshwater goby,August,Southern,4 PM – 9 AM
freshwater goby,September,Southern,4 PM – 9 AM
freshwater goby,October,Southern,4 PM – 9 AM
freshwater goby,November,Southern,4 PM – 9 AM
freshwater goby,December,Southern,4 PM – 9 AM
frog,May,Northern,All day
frog,June,Northern,All day
frog,July,Northern,All day
frog,August,Northern,All day
frog,November,Southern,All day
frog,December,Southern,All day
frog,January,Southern,All day
frog,February,Southern,All day
gar,June,Northern,4 PM – 9 AM
gar,July,Northern,4 PM – 9 AM
gar,August,Northern,4 PM – 9 AM
gar,September,Northern,4 PM – 9 AM
gar,December,Southern,4 PM – 9 AM
gar,January,Southern,4 PM – 9 AM
gar,February,Southern,4 PM – 9 AM
gar,March,Southern,4 PM – 9 AM
giant snakehead,June,Northern,9 AM – 4 PM
giant snakehead,July,Northern,9 AM – 4 PM
giant snakehead,August,Northern,9 AM – 4 PM
giant snakehead,December,Southern,9 AM – 4 PM
giant snakehead,January,Southern,9 AM – 4 PM
giant snakehead,February,Southern,9 AM – 4 PM
giant trevally,May,Northern,All day
giant trevally,June,Northern,All day
giant trevally,July,Northern,All day
giant trevally,August,Northern,All day
giant trevally,September,Northern,All day
giant trevally,October,Northern,All day
giant trevally,November,Southern,All day
giant trevally,December,Southern,All day
giant trevally,January,Southern,All day
giant trevally,February,Southern,All day
giant trevally,March,Southern,All day
giant trevally,April,Southern,All day
golden trout,March,Northern,4 PM – 9 AM
golden trout,April,Northern,4 PM – 9 AM
golden trout,May,Northern,4 PM – 9 AM
golden trout,September,Northern,4 PM – 9 AM
golden trout,October,Northern,4 PM – 9 AM
golden trout,November,Northern,4 PM – 9 AM
golden trout,January,Southern,4 PM – 9 AM
golden trout,February,Southern,4 PM – 9 AM
golden trout,March,Southern,4 PM – 9 AM
golden trout,April,Southern,4 PM – 9 AM
golden trout,May,Southern,4 PM – 9 AM
golden trout,September,Southern,4 PM – 9 AM
golden trout,October,Southern,4 PM – 9 AM
golden trout,November,Southern,4 PM – 9 AM
golden trout,December,Southern,4 PM – 9 AM
goldfish,January,Northern,All day
goldfish,February,Northern,All day
goldfish,March,Northern,All day
goldfish,April,Northern,All day
goldfish,May,Northern,All day
goldfish,June,Northern,All day
goldfish,July,Northern,All day
goldfish,August,Northern,All day
goldfish,September,Northern,All day
goldfish,October,Northern,All day
goldfish,November,Northern,All day
goldfish,December,Northern,All day
goldfish,January,Southern,All day
goldfish,February,Southern,All day
goldfish,March,Southern,All day
goldfish,April,Southern,All day
goldfish,May,Southern,All day
goldfish,June,Southern,All day
goldfish,July,Southern,All day
goldfish,August,Southern,All day
goldfish,September,Southern,All day
goldfish,October,Southern,All day
goldfish,November,Southern,All day
goldfish,December,Southern,All day
great white shark,June,Northern,4 PM – 9 AM
great white shark,July,Northern,4 PM – 9 AM
great white shark,August,Northern,4 PM – 9 AM
great white shark,September,Northern,4 PM – 9 AM
great white shark,December,Southern,4 PM – 9 AM
great white shark,January,Southern,4 PM – 9 AM
great white shark,February,Southern,4 PM – 9 AM
great white shark,March,Southern,4 PM – 9 AM
guppy,April,Northern,9 AM – 4 PM
guppy,May,Northern,9 AM – 4 PM
guppy,June,Northern,9 AM – 4 PM
guppy,July,Northern,9 AM – 4 PM
guppy,August,Northern,9 AM – 4 PM
guppy,September,Northern,9 AM – 4 PM
guppy,October,Northern,9 AM – 4 PM
guppy,November,Northern,9 AM – 4 PM
guppy,October,Southern,9 AM – 4 PM
guppy,November,Southern,9 AM – 4 PM
guppy,December,Southern,9 AM – 4 PM
guppy,January,Southern,9 AM – 4 PM
guppy,February,Southern,9 AM – 4 PM
guppy,March,Southern,9 AM – 4 PM
guppy,April,Southern,9 AM – 4 PM
guppy,May,Southern,9 AM – 4 PM
hammerhead shark,June,Northern,4 PM – 9 AM
hammerhead shark,July,Northern,4 PM – 9 AM
hammerhead shark,August,Northern,4 PM – 9 AM
hammerhead shark,September,Northern,4 PM – 9 AM
hammerhead shark,December,Southern,4 PM – 9 AM
hammerhead shark,January,Southern,4 PM – 9 AM
hammerhead shark,February,Southern,4 PM – 9 AM
hammerhead shark,March,Southern,4 PM – 9 AM
horse mackerel,January,Northern,All day
horse mackerel,February,Northern,All day
horse mackerel,March,Northern,All day
horse mackerel,April,Northern,All day
horse mackerel,May,Northern,All day
horse mackerel,June,Northern,All day
horse mackerel,July,Northern,All day
horse mackerel,August,Northern,All day
horse mackerel,September,Northern,All day
horse mackerel,October,Northern,All day
horse mackerel,November,Northern,All day
horse mackerel,December,Northern,All day
horse mackerel,January,Southern,All day
horse mackerel,February,Southern,All day
horse mackerel,March,Southern,All day
horse mackerel,April,Southern,All day
horse mackerel,May,Southern,All day
horse mackerel,June,Southern,All day
horse mackerel,July,Southern,All day
horse mackerel,August,Southern,All day
horse mackerel,September,Southern,All day
horse mackerel,October,Southern,All day
horse mackerel,November,Southern,All day
horse mackerel,December,Southern,All day
killifish,April,Northern,All day
killifish,May,Northern,All day
killifish,June,Northern,All day
killifish,July,Northern,All day
killifish,August,Northern,All day
killifish,October,Southern,All day
killifish,November,Southern,All day
killifish,December,Southern,All day
killifish,January,Southern,All day
killifish,February,Southern,All day
king salmon,September,Northern,All day
king salmon,September,Southern,All day
koi,January,Northern,4 PM – 9 AM
koi,February,Northern,4 PM – 9 AM
koi,March,Northern,4 PM – 9 AM
koi,April,Northern,4 PM – 9 AM
koi,May,Northern,4 PM – 9 AM
koi,June,Northern,4 PM – 9 AM
koi,July,Northern,4 PM – 9 AM
koi,August,Northern,4 PM – 9 AM
koi,September,Northern,4 PM – 9 AM
koi,October,Northern,4 PM – 9 AM
koi,November,Northern,4 PM – 9 AM
koi,December,Northern,4 PM – 9 AM
koi,January,Southern,4 PM – 9 AM
koi,February,Southern,4 PM – 9 AM
koi,March,Southern,4 PM – 9 AM
koi,April,Southern,4 PM – 9 AM
koi,May,Southern,4 PM – 9 AM
koi,June,Southern,4 PM – 9 AM
koi,July,Southern,4 PM – 9 AM
koi,August,Southern,4 PM – 9 AM
koi,September,Southern,4 PM – 9 AM
koi,October,Southern,4 PM – 9 AM
koi,November,Southern,4 PM – 9 AM
koi,December,Southern,4 PM – 9 AM
loach,March,Northern,All day
loach,April,Northern,All day
loach,May,Northern,All day
loach,September,Southern,All day
loach,October,Southern,All day
loach,November,Southern,All day
mahi-mahi,May,Northern,All day
mahi-mahi,June,Northern,All day
mahi-mahi,July,Northern,All day
mahi-mahi,August,Northern,All day
mahi-mahi,September,Northern,All day
mahi-mahi,October,Northern,All day
mahi-mahi,November,Southern,All day
mahi-mahi,December,Southern,All day
mahi-mahi,January,Southern,All day
mahi-mahi,February,Southern,All day
mahi-mahi,March,Southern,All day
mahi-mahi,April,Southern,All day
mitten crab,September,Northern,4 PM – 9 AM
mitten crab,October,Northern,4 PM – 9 AM
mitten crab,November,Northern,4 PM – 9 AM
mitten crab,March,Southern,4 PM – 9 AM
mitten crab,April,Southern,4 PM – 9 AM
mitten crab,May,Southern,4 PM – 9 AM
moray eel,August,Northern,All day
moray eel,September,Northern,All day
moray eel,October,Northern,All day
moray eel,February,Southern,All day
moray eel,March,Southern,All day
moray eel,April,Southern,All day
Napoleonfish,July,Northern,4 AM – 9 PM
Napoleonfish,August,Northern,4 AM – 9 PM
Napoleonfish,January,Southern,4 AM – 9 PM
Napoleonfish,February,Southern,4 AM – 9 PM
neon tetra,April,Northern,9 AM – 4 PM
neon tetra,May,Northern,9 AM – 4 PM
neon tetra,June,Northern,9 AM – 4 PM
neon tetra,July,Northern,9 AM – 4 PM
neon tetra,August,Northern,9 AM – 4 PM
neon tetra,September,Northern,9 AM – 4 PM
neon tetra,October,Northern,9 AM – 4 PM
neon tetra,November,Northern,9 AM – 4 PM
neon tetra,October,Southern,9 AM – 4 PM
neon tetra,November,Southern,9 AM – 4 PM
neon tetra,December,Southern,9 AM – 4 PM
neon tetra,January,Southern,9 AM – 4 PM
neon tetra,February,Southern,9 AM – 4 PM
neon tetra,March,Southern,9 AM – 4 PM
neon tetra,April,Southern,9 AM – 4 PM
neon tetra,May,Southern,9 AM – 4 PM
nibble fish,May,Northern,9 AM – 4 PM
nibble fish,June,Northern,9 AM – 4 PM
nibble fish,July,Northern,9 AM – 4 PM
nibble fish,August,Northern,9 AM – 4 PM
nibble fish,September,Northern,9 AM – 4 PM
nibble fish,November,Southern,9 AM – 4 PM
nibble fish,December,Southern,9 AM – 4 PM
nibble fish,January,Southern,9 AM – 4 PM
nibble fish,February,Southern,9 AM – 4 PM
nibble fish,March,Southern,9 AM – 4 PM
oarfish,December,Northern,All day
oarfish,January,Northern,All day
oarfish,February,Northern,All day
oarfish,March,Northern,All day
oarfish,April,Northern,All day
oarfish,May,Northern,All day
oarfish,June,Southern,All day
oarfish,July,Southern,All day
oarfish,August,Southern,All day
oarfish,September,Southern,All day
oarfish,October,Southern,All day
oarfish,November,Southern,All day
ocean sunfish,July,Northern,4 AM – 9 PM
ocean sunfish,August,Northern,4 AM – 9 PM
ocean sunfish,September,Northern,4 AM – 9 PM
ocean sunfish,January,Southern,4 AM – 9 PM
ocean sunfish,February,Southern,4 AM – 9 PM
ocean sunfish,April,Southern,4 AM – 9 PM
olive flounder,January,Northern,All day
olive flounder,February,Northern,All day
olive flounder,March,Northern,All day
olive flounder,April,Northern,All day
olive flounder,May,Northern,All day
olive flounder,June,Northern,All day
olive flounder,July,Northern,All day
olive flounder,August,Northern,All day
olive flounder,September,Northern,All day
olive flounder,October,Northern,All day
olive flounder,November,Northern,All day
olive flounder,December,Northern,All day
olive flounder,January,Southern,All day
olive flounder,February,Southern,All day
olive flounder,March,Southern,All day
olive flounder,April,Southern,All day
olive flounder,May,Southern,All day
olive flounder,June,Southern,All day
olive flounder,July,Southern,All day
olive flounder,August,Southern,All day
olive flounder,September,Southern,All day
olive flounder,October,Southern,All day
olive flounder,November,Southern,All day
olive flounder,December,Southern,All day
pale chub,January,Northern,9 AM – 4 PM
pale chub,February,Northern,9 AM – 4 PM
pale chub,March,Northern,9 AM – 4 PM
pale chub,April,Northern,9 AM – 4 PM
pale chub,May,Northern,9 AM – 4 PM
pale chub,June,Northern,9 AM – 4 PM
pale chub,July,Northern,9 AM – 4 PM
pale chub,August,Northern,9 AM – 4 PM
pale chub,September,Northern,9 AM – 4 PM
pale chub,October,Northern,9 AM – 4 PM
pale chub,November,Northern,9 AM – 4 PM
pale chub,December,Northern,9 AM – 4 PM
pale chub,January,Southern,9 AM – 4 PM
pale chub,February,Southern,9 AM – 4 PM
pale chub,March,Southern,9 AM – 4 PM
pale chub,April,Southern,9 AM – 4 PM
pale chub,May,Southern,9 AM – 4 PM
pale chub,June,Southern,9 AM – 4 PM
pale chub,July,Southern,9 AM – 4 PM
pale chub,August,Southern,9 AM – 4 PM
pale chub,September,Southern,9 AM – 4 PM
pale chub,October,Southern,9 AM – 4 PM
pale chub,November,Southern,9 AM – 4 PM
pale chub,December,Southern,9 AM – 4 PM
pike,September,Northern,All day
pike,October,Northern,All day
pike,November,Northern,All day
pike,December,Northern,All day
pike,March,Southern,All day
pike,April,Southern,All day
pike,May,Southern,All day
pike,June,Southern,All day
piranha,June,Northern,"9 AM – 4 PM, 9 PM – 4 AM"
piranha,July,Northern,"9 AM – 4 PM, 9 PM – 4 AM"
piranha,August,Northern,"9 AM – 4 PM, 9 PM – 4 AM"
piranha,September,Northern,"9 AM – 4 PM, 9 PM – 4 AM"
piranha,December,Southern,"9 AM – 4 PM, 9 PM – 4 AM"
piranha,January,Southern,"9 AM – 4 PM, 9 PM – 4 AM"
piranha,February,Southern,"9 AM – 4 PM, 9 PM – 4 AM"
piranha,March,Southern,"9 AM – 4 PM, 9 PM – 4 AM"
pond smelt,December,Northern,All day
pond smelt,January,Northern,All day
pond smelt,February,Northern,All day
pond smelt,June,Southern,All day
pond smelt,July,Southern,All day
pond smelt,August,Southern,All day
pop-eyed goldfish,January,Northern,9 AM – 4 PM
pop-eyed goldfish,February,Northern,9 AM – 4 PM
pop-eyed goldfish,March,Northern,9 AM – 4 PM
pop-eyed goldfish,April,Northern,9 AM – 4 PM
pop-eyed goldfish,May,Northern,9 AM – 4 PM
pop-eyed goldfish,June,Northern,9 AM – 4 PM
pop-eyed goldfish,July,Northern,9 AM – 4 PM
pop-eyed goldfish,August,Northern,9 AM – 4 PM
pop-eyed goldfish,September,Northern,9 AM – 4 PM
pop-eyed goldfish,October,Northern,9 AM – 4 PM
pop-eyed goldfish,November,Northern,9 AM – 4 PM
pop-eyed goldfish,December,Northern,9 AM – 4 PM
pop-eyed goldfish,January,Southern,9 AM – 4 PM
pop-eyed goldfish,February,Southern,9 AM – 4 PM
pop-eyed goldfish,March,Southern,9 AM – 4 PM
pop-eyed goldfish,April,Southern,9 AM – 4 PM
pop-eyed goldfish,May,Southern,9 AM – 4 PM
pop-eyed goldfish,June,Southern,9 AM – 4 PM
pop-eyed goldfish,July,Southern,9 AM – 4 PM
pop-eyed goldfish,August,Southern,9 AM – 4 PM
pop-eyed goldfish,September,Southern,9 AM – 4 PM
pop-eyed goldfish,October,Southern,9 AM – 4 PM
pop-eyed goldfish,November,Southern,9 AM – 4 PM
pop-eyed goldfish,December,Southern,9 AM – 4 PM
puffer fish,July,Northern,All day
puffer fish,August,Northern,All day
puffer fish,September,Northern,All day
puffer fish,January,Southern,All day
puffer fish,February,Southern,All day
puffer fish,March,Southern,All day
rainbowfish,May,Northern,9 AM – 4 PM
rainbowfish,June,Northern,9 AM – 4 PM
rainbowfish,July,Northern,9 AM – 4 PM
rainbowfish,August,Northern,9 AM – 4 PM
rainbowfish,September,Northern,9 AM – 4 PM
rainbowfish,October,Northern,9 AM – 4 PM
rainbowfish,November,Southern,9 AM – 4 PM
rainbowfish,December,Southern,9 AM – 4 PM
rainbowfish,January,Southern,9 AM – 4 PM
rainbowfish,February,Southern,9 AM – 4 PM
rainbowfish,March,Southern,9 AM – 4 PM
rainbowfish,April,Southern,9 AM – 4 PM
ranchu goldfish,January,Northern,9 AM – 4 PM
ranchu goldfish,February,Northern,9 AM – 4 PM
ranchu goldfish,March,Northern,9 AM – 4 PM
ranchu goldfish,April,Northern,9 AM – 4 PM
ranchu goldfish,May,Northern,9 AM – 4 PM
ranchu goldfish,June,Northern,9 AM – 4 PM
ranchu goldfish,July,Northern,9 AM – 4 PM
ranchu goldfish,August,Northern,9 AM – 4 PM
ranchu goldfish,September,Northern,9 AM – 4 PM
ranchu goldfish,October,Northern,9 AM – 4 PM
ranchu goldfish,November,Northern,9 AM – 4 PM
ranchu goldfish,December,Northern,9 AM – 4 PM
ranchu goldfish,January,Southern,9 AM – 4 PM
ranchu goldfish,February,Southern,9 AM – 4 PM
ranchu goldfish,March,Southern,9 AM – 4 PM
ranchu goldfish,April,Southern,9 AM – 4 PM
ranchu goldfish,May,Southern,9 AM – 4 PM
ranchu goldfish,June,Southern,9 AM – 4 PM
ranchu goldfish,July,Southern,9 AM – 4 PM
ranchu goldfish,August,Southern,9 AM – 4 PM
ranchu goldfish,September,Southern,9 AM – 4 PM
ranchu goldfish,October,Southern,9 AM – 4 PM
ranchu goldfish,November,Southern,9 AM – 4 PM
ranchu goldfish,December,Southern,9 AM – 4 PM
ray,August,Northern,4 AM – 9 PM
ray,September,Northern,4 AM – 9 PM
ray,October,Northern,4 AM – 9 PM
ray,November,Northern,4 AM – 9 PM
ray,February,Southern,4 AM – 9 PM
ray,March,Southern,4 AM – 9 PM
ray,April,Southern,4 AM – 9 PM
ray,May,Southern,4 AM – 9 PM
red snapper,January,Northern,All day
red snapper,February,Northern,All day
red snapper,March,Northern,All day
red snapper,April,Northern,All day
red snapper,May,Northern,All day
red snapper,June,Northern,All day
red snapper,July,Northern,All day
red snapper,August,Northern,All day
red snapper,September,Northern,All day
red snapper,October,Northern,All day
red snapper,November,Northern,All day
red snapper,December,Northern,All day
red snapper,January,Southern,All day
red snapper,February,Southern,All day
red snapper,March,Southern,All day
red snapper,April,Southern,All day
red snapper,May,Southern,All day
red snapper,June,Southern,All day
red snapper,July,Southern,All day
red snapper,August,Southern,All day
red snapper,September,Southern,All day
red snapper,October,Southern,All day
red snapper,November,Southern,All day
red snapper,December,Southern,All day
ribbon eel,June,Northern,All day
ribbon eel,July,Northern,All day
ribbon eel,August,Northern,All day
ribbon eel,September,Northern,All day
ribbon eel,October,Northern,All day
ribbon eel,December,Southern,All day
ribbon eel,January,Southern,All day
ribbon eel,February,Southern,All day
ribbon eel,March,Southern,All day
ribbon eel,April,Southern,All day
saddled bichir,June,Northern,9 PM – 4 AM
saddled bichir,July,Northern,9 PM – 4 AM
saddled bichir,August,Northern,9 PM – 4 AM
saddled bichir,September,Northern,9 PM – 4 AM
saddled bichir,December,Southern,9 PM – 4 AM
saddled bichir,January,Southern,9 PM – 4 AM
saddled bichir,February,Southern,9 PM – 4 AM
saddled bichir,March,Southern,9 PM – 4 AM
salmon,September,Northern,All day
salmon,September,Northern,All day
saw shark,June,Northern,4 PM – 9 AM
saw shark,July,Northern,4 PM – 9 AM
saw shark,August,Northern,4 PM – 9 AM
saw shark,September,Northern,4 PM – 9 AM
saw shark,December,Southern,4 PM – 9 AM
saw shark,January,Southern,4 PM – 9 AM
saw shark,February,Southern,4 PM – 9 AM
saw shark,March,Southern,4 PM – 9 AM
sea bass,January,Northern,All day
sea bass,February,Northern,All day
sea bass,March,Northern,All day
sea bass,April,Northern,All day
sea bass,May,Northern,All day
sea bass,June,Northern,All day
sea bass,July,Northern,All day
sea bass,August,Northern,All day
sea bass,September,Northern,All day
sea bass,October,Northern,All day
sea bass,November,Northern,All day
sea bass,December,Northern,All day
sea bass,January,Southern,All day
sea bass,February,Southern,All day
sea bass,March,Southern,All day
sea bass,April,Southern,All day
sea bass,May,Southern,All day
sea bass,June,Southern,All day
sea bass,July,Southern,All day
sea bass,August,Southern,All day
sea bass,September,Southern,All day
sea bass,October,Southern,All day
sea bass,November,Southern,All day
sea bass,December,Southern,All day
sea butterfly,December,Northern,All day
sea butterfly,January,Northern,All day
sea butterfly,February,Northern,All day
sea butterfly,March,Northern,All day
sea butterfly,June,Southern,All day
sea butterfly,July,Southern,All day
sea butterfly,August,Southern,All day
sea butterfly,September,Southern,All day
sea horse,April,Northern,All day
sea horse,May,Northern,All day
sea horse,June,Northern,All day
sea horse,July,Northern,All day
sea horse,August,Northern,All day
sea horse,September,Northern,All day
sea horse,October,Northern,All day
sea horse,November,Northern,All day
sea horse,October,Southern,All day
sea horse,November,Southern,All day
sea horse,December,Southern,All day
sea horse,January,Southern,All day
sea horse,February,Southern,All day
sea horse,March,Southern,All day
sea horse,April,Southern,All day
sea horse,May,Southern,All day
snapping turtle,April,Northern,9 PM – 4 AM
snapping turtle,May,Northern,9 PM – 4 AM
snapping turtle,June,Northern,9 PM – 4 AM
snapping turtle,July,Northern,9 PM – 4 AM
snapping turtle,August,Northern,9 PM – 4 AM
snapping turtle,September,Northern,9 PM – 4 AM
snapping turtle,October,Northern,9 PM – 4 AM
snapping turtle,October,Southern,9 PM – 4 AM
snapping turtle,November,Southern,9 PM – 4 AM
snapping turtle,December,Southern,9 PM – 4 AM
snapping turtle,January,Southern,9 PM – 4 AM
snapping turtle,February,Southern,9 PM – 4 AM
snapping turtle,March,Southern,9 PM – 4 AM
snapping turtle,April,Southern,9 PM – 4 AM
soft-shelled turtle,August,Northern,4 PM – 9 AM
soft-shelled turtle,September,Northern,4 PM – 9 AM
soft-shelled turtle,February,Southern,4 PM – 9 AM
soft-shelled turtle,March,Southern,4 PM – 9 AM
squid,December,Northern,All day
squid,January,Northern,All day
squid,February,Northern,All day
squid,March,Northern,All day
squid,April,Northern,All day
squid,May,Northern,All day
squid,June,Northern,All day
squid,July,Northern,All day
squid,August,Northern,All day
squid,June,Southern,All day
squid,July,Southern,All day
squid,August,Southern,All day
squid,September,Southern,All day
squid,October,Southern,All day
squid,November,Southern,All day
squid,December,Southern,All day
squid,January,Southern,All day
squid,February,Southern,All day
stringfish,December,Northern,4 PM – 9 AM
stringfish,January,Northern,4 PM – 9 AM
stringfish,February,Northern,4 PM – 9 AM
stringfish,March,Northern,4 PM – 9 AM
stringfish,June,Southern,4 PM – 9 AM
stringfish,July,Southern,4 PM – 9 AM
stringfish,August,Southern,4 PM – 9 AM
stringfish,September,Southern,4 PM – 9 AM
sturgeon,September,Northern,All day
sturgeon,October,Northern,All day
sturgeon,November,Northern,All day
sturgeon,December,Northern,All day
sturgeon,January,Northern,All day
sturgeon,February,Northern,All day
sturgeon,March,Northern,All day
sturgeon,March,Southern,All day
sturgeon,April,Southern,All day
sturgeon,May,Southern,All day
sturgeon,June,Southern,All day
sturgeon,July,Southern,All day
sturgeon,August,Southern,All day
sturgeon,September,Southern,All day
suckerfish,June,Northern,All day
suckerfish,July,Northern,All day
suckerfish,August,Northern,All day
suckerfish,September,Northern,All day
suckerfish,December,Southern,All day
suckerfish,January,Southern,All day
suckerfish,February,Southern,All day
suckerfish,March,Southern,All day
surgeonfish,April,Northern,All day
surgeonfish,May,Northern,All day
surgeonfish,June,Northern,All day
surgeonfish,July,Northern,All day
surgeonfish,August,Northern,All day
surgeonfish,September,Northern,All day
surgeonfish,October,Southern,All day
surgeonfish,November,Southern,All day
surgeonfish,December,Southern,All day
surgeonfish,January,Southern,All day
surgeonfish,February,Southern,All day
surgeonfish,March,Southern,All day
sweetfish,July,Northern,All day
sweetfish,August,Northern,All day
sweetfish,September,Northern,All day
sweetfish,January,Southern,All day
sweetfish,February,Southern,All day
sweetfish,March,Southern,All day
tadpole,March,Northern,All day
tadpole,April,Northern,All day
tadpole,May,Northern,All day
tadpole,June,Northern,All day
tadpole,July,Northern,All day
tadpole,September,Southern,All day
tadpole,October,Southern,All day
tadpole,November,Southern,All day
tadpole,December,Southern,All day
tadpole,January,Southern,All day
tilapia,June,Northern,All day
tilapia,July,Northern,All day
tilapia,August,Northern,All day
tilapia,September,Northern,All day
tilapia,October,Northern,All day
tilapia,December,Southern,All day
tilapia,January,Southern,All day
tilapia,February,Southern,All day
tilapia,March,Southern,All day
tilapia,April,Southern,All day
tuna,November,Northern,All day
tuna,December,Northern,All day
tuna,January,Northern,All day
tuna,February,Northern,All day
tuna,March,Northern,All day
tuna,April,Northern,All day
tuna,May,Southern,All day
tuna,June,Southern,All day
tuna,July,Southern,All day
tuna,August,Southern,All day
tuna,September,Southern,All day
tuna,October,Southern,All day
whale shark,June,Northern,All day
whale shark,July,Northern,All day
whale shark,August,Northern,All day
whale shark,September,Northern,All day
whale shark,December,Southern,All day
whale shark,January,Southern,All day
whale shark,February,Southern,All day
whale shark,March,Southern,All day
yellow perch,October,Northern,All day
yellow perch,November,Northern,All day
yellow perch,December,Northern,All day
yellow perch,January,Northern,All day
yellow perch,February,Northern,All day
yellow perch,March,Northern,All day
yellow perch,April,Southern,All day
yellow perch,May,Southern,All day
yellow perch,June,Southern,All day
yellow perch,July,Southern,All day
yellow perch,August,Southern,All day
yellow perch,September,Southern,All day
zebra turkeyfish,April,Northern,All day
zebra turkeyfish,May,Northern,All day
zebra turkeyfish,June,Northern,All day
zebra turkeyfish,July,Northern,All day
zebra turkeyfish,August,Northern,All day
zebra turkeyfish,September,Northern,All day
zebra turkeyfish,October,Northern,All day
zebra turkeyfish,November,Northern,All day
zebra turkeyfish,October,Southern,All day
zebra turkeyfish,November,Southern,All day
zebra turkeyfish,December,Southern,All day
zebra turkeyfish,January,Southern,All day
zebra turkeyfish,February,Southern,All day
zebra turkeyfish,March,Southern,All day
zebra turkeyfish,April,Southern,All day
zebra turkeyfish,May,Southern,All day
ant,January,Northern,All day
ant,February,Northern,All day
ant,March,Northern,All day
ant,April,Northern,All day
ant,May,Northern,All day
ant,June,Northern,All day
ant,July,Northern,All day
ant,August,Northern,All day
ant,September,Northern,All day
ant,October,Northern,All day
ant,November,Northern,All day
ant,December,Northern,All day
ant,January,Southern,All day
ant,February,Southern,All day
ant,March,Southern,All day
ant,April,Southern,All day
ant,May,Southern,All day
ant,June,Southern,All day
ant,July,Southern,All day
ant,August,Southern,All day
ant,September,Southern,All day
ant,October,Southern,All day
ant,November,Southern,All day
ant,December,Southern,All day
atlas moth,April,Northern,7pm - 4am
atlas moth,May,Northern,7pm - 4am
atlas moth,June,Northern,7pm - 4am
atlas moth,July,Northern,7pm - 4am
atlas moth,August,Northern,7pm - 4am
atlas moth,September,Northern,7pm - 4am
atlas moth,October,Southern,7pm - 4am
atlas moth,November,Southern,7pm - 4am
atlas moth,December,Southern,7pm - 4am
atlas moth,January,Southern,7pm - 4am
atlas moth,February,Southern,7pm - 4am
atlas moth,March,Southern,7pm - 4am
bagworm,January,Northern,All day
bagworm,February,Northern,All day
bagworm,March,Northern,All day
bagworm,April,Northern,All day
bagworm,May,Northern,All day
bagworm,June,Northern,All day
bagworm,July,Northern,All day
bagworm,August,Northern,All day
bagworm,September,Northern,All day
bagworm,October,Northern,All day
bagworm,November,Northern,All day
bagworm,December,Northern,All day
bagworm,January,Southern,All day
bagworm,February,Southern,All day
bagworm,March,Southern,All day
bagworm,April,Southern,All day
bagworm,May,Southern,All day
bagworm,June,Southern,All day
bagworm,July,Southern,All day
bagworm,August,Southern,All day
bagworm,September,Southern,All day
bagworm,October,Southern,All day
bagworm,November,Southern,All day
bagworm,December,Southern,All day
banded dragonfly,May,Northern,8am - 5pm
banded dragonfly,June,Northern,8am - 5pm
banded dragonfly,July,Northern,8am - 5pm
banded dragonfly,August,Northern,8am - 5pm
banded dragonfly,September,Northern,8am - 5pm
banded dragonfly,October,Northern,8am - 5pm
banded dragonfly,November,Southern,8am - 5pm
banded dragonfly,December,Southern,8am - 5pm
banded dragonfly,January,Southern,8am - 5pm
banded dragonfly,February,Southern,8am - 5pm
banded dragonfly,March,Southern,8am - 5pm
banded dragonfly,April,Southern,8am - 5pm
bell cricket,September,Northern,5pm - 8am
bell cricket,October,Northern,5pm - 8am
bell cricket,March,Southern,5pm - 8am
bell cricket,April,Southern,5pm - 8am
blue weevil beetle,July,Northern,All day
blue weevil beetle,August,Northern,All day
blue weevil beetle,January,Southern,All day
blue weevil beetle,February,Southern,All day
brown cicada,July,Northern,8am - 5pm
brown cicada,August,Northern,8am - 5pm
brown cicada,January,Southern,8am - 5pm
brown cicada,February,Southern,8am - 5pm
centipede,September,Northern,4 PM – 11 PM
centipede,October,Northern,4 PM – 11 PM
centipede,November,Northern,4 PM – 11 PM
centipede,December,Northern,4 PM – 11 PM
centipede,January,Northern,4 PM – 11 PM
centipede,February,Northern,4 PM – 11 PM
centipede,March,Northern,4 PM – 11 PM
centipede,April,Northern,4 PM – 11 PM
centipede,May,Northern,4 PM – 11 PM
centipede,June,Northern,4 PM – 11 PM
centipede,March,Southern,4 PM – 11 PM
centipede,April,Southern,4 PM – 11 PM
centipede,May,Southern,4 PM – 11 PM
centipede,June,Southern,4 PM – 11 PM
centipede,July,Southern,4 PM – 11 PM
centipede,August,Southern,4 PM – 11 PM
centipede,September,Southern,4 PM – 11 PM
centipede,October,Southern,4 PM – 11 PM
centipede,November,Southern,4 PM – 11 PM
centipede,December,Southern,4 PM – 11 PM
cicada shell,July,Northern,All day
cicada shell,August,Northern,All day
cicada shell,January,Southern,All day
cicada shell,February,Southern,All day
citrus long-horned beetle,January,Northern,All day
citrus long-horned beetle,February,Northern,All day
citrus long-horned beetle,March,Northern,All day
citrus long-horned beetle,April,Northern,All day
citrus long-horned beetle,May,Northern,All day
citrus long-horned beetle,June,Northern,All day
citrus long-horned beetle,July,Northern,All day
citrus long-horned beetle,August,Northern,All day
citrus long-horned beetle,September,Northern,All day
citrus long-horned beetle,October,Northern,All day
citrus long-horned beetle,November,Northern,All day
citrus long-horned beetle,December,Northern,All day
citrus long-horned beetle,January,Southern,All day
citrus long-horned beetle,February,Southern,All day
citrus long-horned beetle,March,Southern,All day
citrus long-horned beetle,April,Southern,All day
citrus long-horned beetle,May,Southern,All day
citrus long-horned beetle,June,Southern,All day
citrus long-horned beetle,July,Southern,All day
citrus long-horned beetle,August,Southern,All day
citrus long-horned beetle,September,Southern,All day
citrus long-horned beetle,October,Southern,All day
citrus long-horned beetle,November,Southern,All day
citrus long-horned beetle,December,Southern,All day
common bluebottle,April,Northern,4 AM – 7 PM
common bluebottle,May,Northern,4 AM – 7 PM
common bluebottle,June,Northern,4 AM – 7 PM
common bluebottle,July,Northern,4 AM – 7 PM
common bluebottle,August,Northern,4 AM – 7 PM
common bluebottle,October,Southern,4 AM – 7 PM
common bluebottle,November,Southern,4 AM – 7 PM
common bluebottle,December,Southern,4 AM – 7 PM
common bluebottle,January,Southern,4 AM – 7 PM
common bluebottle,February,Southern,4 AM – 7 PM
common butterfly,September,Northern,4 AM – 7 PM
common butterfly,October,Northern,4 AM – 7 PM
common butterfly,November,Northern,4 AM – 7 PM
common butterfly,December,Northern,4 AM – 7 PM
common butterfly,January,Northern,4 AM – 7 PM
common butterfly,February,Northern,4 AM – 7 PM
common butterfly,March,Northern,4 AM – 7 PM
common butterfly,April,Northern,4 AM – 7 PM
common butterfly,May,Northern,4 AM – 7 PM
common butterfly,June,Northern,4 AM – 7 PM
common butterfly,March,Southern,4 AM – 7 PM
common butterfly,April,Southern,4 AM – 7 PM
common butterfly,May,Southern,4 AM – 7 PM
common butterfly,June,Southern,4 AM – 7 PM
common butterfly,July,Southern,4 AM – 7 PM
common butterfly,August,Southern,4 AM – 7 PM
common butterfly,September,Southern,4 AM – 7 PM
common butterfly,October,Southern,4 AM – 7 PM
common butterfly,November,Southern,4 AM – 7 PM
common butterfly,December,Southern,4 AM – 7 PM
cricket,September,Northern,5pm - 8am
cricket,October,Northern,5pm - 8am
cricket,November,Northern,5pm - 8am
cricket,March,Southern,5pm - 8am
cricket,April,Southern,5pm - 8am
cricket,May,Southern,5pm - 8am
cyclommatus stag,July,Northern,5pm - 8am
cyclommatus stag,August,Northern,5pm - 8am
cyclommatus stag,January,Southern,5pm - 8am
cyclommatus stag,February,Southern,5pm - 8am
damselfly,November,Northern,All day
damselfly,December,Northern,All day
damselfly,January,Northern,All day
damselfly,February,Northern,All day
damselfly,May,Southern,All day
damselfly,June,Southern,All day
damselfly,July,Southern,All day
damselfly,August,Southern,All day
darner dragonfly,April,Northern,8am - 5pm
darner dragonfly,May,Northern,8am - 5pm
darner dragonfly,June,Northern,8am - 5pm
darner dragonfly,July,Northern,8am - 5pm
darner dragonfly,August,Northern,8am - 5pm
darner dragonfly,September,Northern,8am - 5pm
darner dragonfly,October,Northern,8am - 5pm
darner dragonfly,October,Southern,8am - 5pm
darner dragonfly,November,Southern,8am - 5pm
darner dragonfly,December,Southern,8am - 5pm
darner dragonfly,January,Southern,8am - 5pm
darner dragonfly,February,Southern,8am - 5pm
darner dragonfly,March,Southern,8am - 5pm
darner dragonfly,April,Southern,8am - 5pm
diving beetle,May,Northern,8 AM – 7 PM
diving beetle,June,Northern,8 AM – 7 PM
diving beetle,July,Northern,8 AM – 7 PM
diving beetle,August,Northern,8 AM – 7 PM
diving beetle,September,Northern,8 AM – 7 PM
diving beetle,November,Southern,8 AM – 7 PM
diving beetle,December,Southern,8 AM – 7 PM
diving beetle,January,Southern,8 AM – 7 PM
diving beetle,February,Southern,8 AM – 7 PM
diving beetle,March,Southern,8 AM – 7 PM
drone beetle,June,Northern,All day
drone beetle,July,Northern,All day
drone beetle,August,Northern,All day
drone beetle,December,Southern,All day
drone beetle,January,Southern,All day
drone beetle,February,Southern,All day
dung beetle,December,Northern,All day
dung beetle,January,Northern,All day
dung beetle,February,Northern,All day
dung beetle,June,Southern,All day
dung beetle,July,Southern,All day
dung beetle,August,Southern,All day
earth-boring dung beetle,July,Northern,All day
earth-boring dung beetle,August,Northern,All day
earth-boring dung beetle,September,Northern,All day
earth-boring dung beetle,January,Southern,All day
earth-boring dung beetle,February,Southern,All day
earth-boring dung beetle,March,Southern,All day
emperor butterfly,December,Northern,5 PM – 8 AM
emperor butterfly,January,Northern,5 PM – 8 AM
emperor butterfly,February,Northern,5 PM – 8 AM
emperor butterfly,March,Northern,5 PM – 8 AM
emperor butterfly,June,Northern,5 PM – 8 AM
emperor butterfly,July,Northern,5 PM – 8 AM
emperor butterfly,August,Northern,5 PM – 8 AM
emperor butterfly,September,Northern,5 PM – 8 AM
emperor butterfly,December,Southern,5 PM – 8 AM
emperor butterfly,January,Southern,5 PM – 8 AM
emperor butterfly,February,Southern,5 PM – 8 AM
emperor butterfly,March,Southern,5 PM – 8 AM
emperor butterfly,June,Southern,5 PM – 8 AM
emperor butterfly,July,Southern,5 PM – 8 AM
emperor butterfly,August,Southern,5 PM – 8 AM
emperor butterfly,September,Southern,5 PM – 8 AM
evening cicada,July,Northern,"4 AM – 8 AM, 4 PM – 7 PM"
evening cicada,August,Northern,"4 AM – 8 AM, 4 PM – 7 PM"
evening cicada,January,Southern,"4 AM – 8 AM, 4 PM – 7 PM"
evening cicada,February,Southern,"4 AM – 8 AM, 4 PM – 7 PM"
firefly,June,Northern,7 PM – 4 AM
firefly,December,Southern,7 PM – 4 AM
flea,April,Northern,All day
flea,May,Northern,All day
flea,June,Northern,All day
flea,July,Northern,All day
flea,August,Northern,All day
flea,September,Northern,All day
flea,October,Northern,All day
flea,November,Northern,All day
flea,October,Southern,All day
flea,November,Southern,All day
flea,December,Southern,All day
flea,January,Southern,All day
flea,February,Southern,All day
flea,March,Southern,All day
flea,April,Southern,All day
flea,May,Southern,All day
fly,January,Northern,All day
fly,February,Northern,All day
fly,March,Northern,All day
fly,April,Northern,All day
fly,May,Northern,All day
fly,June,Northern,All day
fly,July,Northern,All day
fly,August,Northern,All day
fly,September,Northern,All day
fly,October,Northern,All day
fly,November,Northern,All day
fly,December,Northern,All day
fly,January,Southern,All day
fly,February,Southern,All day
fly,March,Southern,All day
fly,April,Southern,All day
fly,May,Southern,All day
fly,June,Southern,All day
fly,July,Southern,All day
fly,August,Southern,All day
fly,September,Southern,All day
fly,October,Southern,All day
fly,November,Southern,All day
fly,December,Southern,All day
giant cicada,July,Northern,8am - 5pm
giant cicada,August,Northern,8am - 5pm
giant cicada,January,Southern,8am - 5pm
giant cicada,February,Southern,8am - 5pm
giant stag,July,Northern,11 PM – 8 AM
giant stag,August,Northern,11 PM – 8 AM
giant stag,January,Southern,11 PM – 8 AM
giant stag,February,Southern,11 PM – 8 AM
giant water bug,April,Northern,7 PM – 8 AM
giant water bug,May,Northern,7 PM – 8 AM
giant water bug,June,Northern,7 PM – 8 AM
giant water bug,July,Northern,7 PM – 8 AM
giant water bug,August,Northern,7 PM – 8 AM
giant water bug,September,Northern,7 PM – 8 AM
giant water bug,October,Southern,7 PM – 8 AM
giant water bug,November,Southern,7 PM – 8 AM
giant water bug,December,Southern,7 PM – 8 AM
giant water bug,January,Southern,7 PM – 8 AM
giant water bug,February,Southern,7 PM – 8 AM
giant water bug,March,Southern,7 PM – 8 AM
giraffe stag,July,Northern,5 PM – 8 AM
giraffe stag,August,Northern,5 PM – 8 AM
giraffe stag,January,Southern,5 PM – 8 AM
giraffe stag,February,Southern,5 PM – 8 AM
golden stag,July,Northern,5 PM – 8 AM
golden stag,August,Northern,5 PM – 8 AM
golden stag,January,Southern,5 PM – 8 AM
golden stag,February,Southern,5 PM – 8 AM
goliath beetle,June,Northern,5 PM – 8 AM
goliath beetle,July,Northern,5 PM – 8 AM
goliath beetle,August,Northern,5 PM – 8 AM
goliath beetle,September,Northern,5 PM – 8 AM
goliath beetle,December,Southern,5 PM – 8 AM
goliath beetle,January,Southern,5 PM – 8 AM
goliath beetle,February,Southern,5 PM – 8 AM
goliath beetle,March,Southern,5 PM – 8 AM
grasshopper,July,Northern,8am - 5pm
grasshopper,August,Northern,8am - 5pm
grasshopper,September,Northern,8am - 5pm
grasshopper,January,Southern,8am - 5pm
grasshopper,February,Southern,8am - 5pm
grasshopper,March,Southern,8am - 5pm
great purple emperor,May,Northern,4 AM – 7 PM
great purple emperor,June,Northern,4 AM – 7 PM
great purple emperor,July,Northern,4 AM – 7 PM
great purple emperor,August,Northern,4 AM – 7 PM
great purple emperor,November,Southern,4 AM – 7 PM
great purple emperor,December,Southern,4 AM – 7 PM
great purple emperor,January,Southern,4 AM – 7 PM
great purple emperor,February,Southern,4 AM – 7 PM
hermit crab,January,Northern,7 PM – 8 AM
hermit crab,February,Northern,7 PM – 8 AM
hermit crab,March,Northern,7 PM – 8 AM
hermit crab,April,Northern,7 PM – 8 AM
hermit crab,May,Northern,7 PM – 8 AM
hermit crab,June,Northern,7 PM – 8 AM
hermit crab,July,Northern,7 PM – 8 AM
hermit crab,August,Northern,7 PM – 8 AM
hermit crab,September,Northern,7 PM – 8 AM
hermit crab,October,Northern,7 PM – 8 AM
hermit crab,November,Northern,7 PM – 8 AM
hermit crab,December,Northern,7 PM – 8 AM
hermit crab,January,Southern,7 PM – 8 AM
hermit crab,February,Southern,7 PM – 8 AM
hermit crab,March,Southern,7 PM – 8 AM
hermit crab,April,Southern,7 PM – 8 AM
hermit crab,May,Southern,7 PM – 8 AM
hermit crab,June,Southern,7 PM – 8 AM
hermit crab,July,Southern,7 PM – 8 AM
hermit crab,August,Southern,7 PM – 8 AM
hermit crab,September,Southern,7 PM – 8 AM
hermit crab,October,Southern,7 PM – 8 AM
hermit crab,November,Southern,7 PM – 8 AM
hermit crab,December,Southern,7 PM – 8 AM
honeybee,March,Northern,8 AM – 5 PM
honeybee,April,Northern,8 AM – 5 PM
honeybee,May,Northern,8 AM – 5 PM
honeybee,June,Northern,8 AM – 5 PM
honeybee,July,Northern,8 AM – 5 PM
honeybee,September,Southern,8 AM – 5 PM
honeybee,October,Southern,8 AM – 5 PM
honeybee,November,Southern,8 AM – 5 PM
honeybee,December,Southern,8 AM – 5 PM
honeybee,January,Southern,8 AM – 5 PM
horned atlas,July,Northern,5 PM – 8 AM
horned atlas,August,Northern,5 PM – 8 AM
horned atlas,January,Southern,5 PM – 8 AM
horned atlas,February,Southern,5 PM – 8 AM
horned dynastid,July,Northern,5 PM – 8 AM
horned dynastid,August,Northern,5 PM – 8 AM
horned dynastid,January,Southern,5 PM – 8 AM
horned dynastid,February,Southern,5 PM – 8 AM
horned elephant,July,Northern,5 PM – 8 AM
horned elephant,August,Northern,5 PM – 8 AM
horned elephant,January,Southern,5 PM – 8 AM
horned elephant,February,Southern,5 PM – 8 AM
horned hercules,July,Northern,5 PM – 8 AM
horned hercules,August,Northern,5 PM – 8 AM
horned hercules,January,Southern,5 PM – 8 AM
horned hercules,February,Southern,5 PM – 8 AM
jewel beetle,April,Northern,All day
jewel beetle,May,Northern,All day
jewel beetle,June,Northern,All day
jewel beetle,July,Northern,All day
jewel beetle,August,Northern,All day
jewel beetle,October,Southern,All day
jewel beetle,November,Southern,All day
jewel beetle,December,Southern,All day
jewel beetle,January,Southern,All day
jewel beetle,February,Southern,All day
ladybug,March,Northern,8 AM – 5 PM
ladybug,April,Northern,8 AM – 5 PM
ladybug,May,Northern,8 AM – 5 PM
ladybug,June,Northern,8 AM – 5 PM
ladybug,October,Northern,8 AM – 5 PM
ladybug,September,Southern,8 AM – 5 PM
ladybug,October,Southern,8 AM – 5 PM
ladybug,November,Southern,8 AM – 5 PM
ladybug,December,Southern,8 AM – 5 PM
ladybug,April,Southern,8 AM – 5 PM
long locust,April,Northern,8 AM – 7 PM
long locust,May,Northern,8 AM – 7 PM
long locust,June,Northern,8 AM – 7 PM
long locust,July,Northern,8 AM – 7 PM
long locust,August,Northern,8 AM – 7 PM
long locust,September,Northern,8 AM – 7 PM
long locust,October,Northern,8 AM – 7 PM
long locust,November,Northern,8 AM – 7 PM
long locust,October,Southern,8 AM – 7 PM
long locust,November,Southern,8 AM – 7 PM
long locust,December,Southern,8 AM – 7 PM
long locust,January,Southern,8 AM – 7 PM
long locust,February,Southern,8 AM – 7 PM
long locust,March,Southern,8 AM – 7 PM
long locust,April,Southern,8 AM – 7 PM
long locust,May,Southern,8 AM – 7 PM
Madagascan sunset moth,April,Northern,8 AM – 4 PM
Madagascan sunset moth,May,Northern,8 AM – 4 PM
Madagascan sunset moth,June,Northern,8 AM – 4 PM
Madagascan sunset moth,July,Northern,8 AM – 4 PM
Madagascan sunset moth,August,Northern,8 AM – 4 PM
Madagascan sunset moth,September,Northern,8 AM – 4 PM
Madagascan sunset moth,October,Southern,8 AM – 4 PM
Madagascan sunset moth,November,Southern,8 AM – 4 PM
Madagascan sunset moth,December,Southern,8 AM – 4 PM
Madagascan sunset moth,January,Southern,8 AM – 4 PM
Madagascan sunset moth,February,Southern,8 AM – 4 PM
Madagascan sunset moth,March,Southern,8 AM – 4 PM
man-faced stink bug,March,Northern,7 PM – 8 AM
man-faced stink bug,April,Northern,7 PM – 8 AM
man-faced stink bug,May,Northern,7 PM – 8 AM
man-faced stink bug,June,Northern,7 PM – 8 AM
man-faced stink bug,July,Northern,7 PM – 8 AM
man-faced stink bug,August,Northern,7 PM – 8 AM
man-faced stink bug,September,Northern,7 PM – 8 AM
man-faced stink bug,October,Northern,7 PM – 8 AM
man-faced stink bug,September,Southern,7 PM – 8 AM
man-faced stink bug,October,Southern,7 PM – 8 AM
man-faced stink bug,November,Southern,7 PM – 8 AM
man-faced stink bug,December,Southern,7 PM – 8 AM
man-faced stink bug,January,Southern,7 PM – 8 AM
man-faced stink bug,February,Southern,7 PM – 8 AM
man-faced stink bug,March,Southern,7 PM – 8 AM
man-faced stink bug,April,Southern,7 PM – 8 AM
mantis,March,Northern,8 AM – 5 PM
mantis,April,Northern,8 AM – 5 PM
mantis,May,Northern,8 AM – 5 PM
mantis,June,Northern,8 AM – 5 PM
mantis,July,Northern,8 AM – 5 PM
mantis,August,Northern,8 AM – 5 PM
mantis,September,Northern,8 AM – 5 PM
mantis,October,Northern,8 AM – 5 PM
mantis,November,Northern,8 AM – 5 PM
mantis,September,Southern,8 AM – 5 PM
mantis,October,Southern,8 AM – 5 PM
mantis,November,Southern,8 AM – 5 PM
mantis,December,Southern,8 AM – 5 PM
mantis,January,Southern,8 AM – 5 PM
mantis,February,Southern,8 AM – 5 PM
mantis,March,Southern,8 AM – 5 PM
mantis,April,Southern,8 AM – 5 PM
mantis,May,Southern,8 AM – 5 PM
migratory locust,August,Northern,8 AM – 7 PM
migratory locust,September,Northern,8 AM – 7 PM
migratory locust,October,Northern,8 AM – 7 PM
migratory locust,November,Northern,8 AM – 7 PM
migratory locust,February,Southern,8 AM – 7 PM
migratory locust,March,Southern,8 AM – 7 PM
migratory locust,April,Southern,8 AM – 7 PM
migratory locust,May,Southern,8 AM – 7 PM
miyama stag,July,Northern,All day
miyama stag,August,Northern,All day
miyama stag,January,Southern,All day
miyama stag,February,Southern,All day
mole cricket,November,Northern,All day
mole cricket,December,Northern,All day
mole cricket,January,Northern,All day
mole cricket,February,Northern,All day
mole cricket,March,Northern,All day
mole cricket,April,Northern,All day
mole cricket,May,Northern,All day
mole cricket,May,Southern,All day
mole cricket,June,Southern,All day
mole cricket,July,Southern,All day
mole cricket,August,Southern,All day
mole cricket,September,Southern,All day
mole cricket,October,Southern,All day
mole cricket,November,Southern,All day
monarch butterfly,September,Northern,4 AM – 5 PM
monarch butterfly,October,Northern,4 AM – 5 PM
monarch butterfly,November,Northern,4 AM – 5 PM
monarch butterfly,March,Southern,4 AM – 5 PM
monarch butterfly,April,Southern,4 AM – 5 PM
monarch butterfly,May,Southern,4 AM – 5 PM
mosquito,June,Northern,5 PM – 4 AM
mosquito,July,Northern,5 PM – 4 AM
mosquito,August,Northern,5 PM – 4 AM
mosquito,September,Northern,5 PM – 4 AM
mosquito,December,Southern,5 PM – 4 AM
mosquito,January,Southern,5 PM – 4 AM
mosquito,February,Southern,5 PM – 4 AM
mosquito,March,Southern,5 PM – 4 AM
moth,January,Northern,7 PM – 4 AM
moth,February,Northern,7 PM – 4 AM
moth,March,Northern,7 PM – 4 AM
moth,April,Northern,7 PM – 4 AM
moth,May,Northern,7 PM – 4 AM
moth,June,Northern,7 PM – 4 AM
moth,July,Northern,7 PM – 4 AM
moth,August,Northern,7 PM – 4 AM
moth,September,Northern,7 PM – 4 AM
moth,October,Northern,7 PM – 4 AM
moth,November,Northern,7 PM – 4 AM
moth,December,Northern,7 PM – 4 AM
moth,January,Southern,7 PM – 4 AM
moth,February,Southern,7 PM – 4 AM
moth,March,Southern,7 PM – 4 AM
moth,April,Southern,7 PM – 4 AM
moth,May,Southern,7 PM – 4 AM
moth,June,Southern,7 PM – 4 AM
moth,July,Southern,7 PM – 4 AM
moth,August,Southern,7 PM – 4 AM
moth,September,Southern,7 PM – 4 AM
moth,October,Southern,7 PM – 4 AM
moth,November,Southern,7 PM – 4 AM
moth,December,Southern,7 PM – 4 AM
orchid mantis,March,Northern,8 AM – 5 PM
orchid mantis,April,Northern,8 AM – 5 PM
orchid mantis,May,Northern,8 AM – 5 PM
orchid mantis,June,Northern,8 AM – 5 PM
orchid mantis,July,Northern,8 AM – 5 PM
orchid mantis,August,Northern,8 AM – 5 PM
orchid mantis,September,Northern,8 AM – 5 PM
orchid mantis,October,Northern,8 AM – 5 PM
orchid mantis,November,Northern,8 AM – 5 PM
orchid mantis,September,Southern,8 AM – 5 PM
orchid mantis,October,Southern,8 AM – 5 PM
orchid mantis,November,Southern,8 AM – 5 PM
orchid mantis,December,Southern,8 AM – 5 PM
orchid mantis,January,Southern,8 AM – 5 PM
orchid mantis,February,Southern,8 AM – 5 PM
orchid mantis,March,Southern,8 AM – 5 PM
orchid mantis,April,Southern,8 AM – 5 PM
orchid mantis,May,Southern,8 AM – 5 PM
paper kite butterfly,January,Northern,8 AM – 7 PM
paper kite butterfly,February,Northern,8 AM – 7 PM
paper kite butterfly,March,Northern,8 AM – 7 PM
paper kite butterfly,April,Northern,8 AM – 7 PM
paper kite butterfly,May,Northern,8 AM – 7 PM
paper kite butterfly,June,Northern,8 AM – 7 PM
paper kite butterfly,July,Northern,8 AM – 7 PM
paper kite butterfly,August,Northern,8 AM – 7 PM
paper kite butterfly,September,Northern,8 AM – 7 PM
paper kite butterfly,October,Northern,8 AM – 7 PM
paper kite butterfly,November,Northern,8 AM – 7 PM
paper kite butterfly,December,Northern,8 AM – 7 PM
paper kite butterfly,January,Southern,8 AM – 7 PM
paper kite butterfly,February,Southern,8 AM – 7 PM
paper kite butterfly,March,Southern,8 AM – 7 PM
paper kite butterfly,April,Southern,8 AM – 7 PM
paper kite butterfly,May,Southern,8 AM – 7 PM
paper kite butterfly,June,Southern,8 AM – 7 PM
paper kite butterfly,July,Southern,8 AM – 7 PM
paper kite butterfly,August,Southern,8 AM – 7 PM
paper kite butterfly,September,Southern,8 AM – 7 PM
paper kite butterfly,October,Southern,8 AM – 7 PM
paper kite butterfly,November,Southern,8 AM – 7 PM
paper kite butterfly,December,Southern,8 AM – 7 PM
peacock butterfly,March,Northern,4 AM – 7 PM
peacock butterfly,April,Northern,4 AM – 7 PM
peacock butterfly,May,Northern,4 AM – 7 PM
peacock butterfly,June,Northern,4 AM – 7 PM
peacock butterfly,September,Southern,4 AM – 7 PM
peacock butterfly,October,Southern,4 AM – 7 PM
peacock butterfly,November,Southern,4 AM – 7 PM
peacock butterfly,December,Southern,4 AM – 7 PM
pill bug,September,Northern,11 PM – 4 PM
pill bug,October,Northern,11 PM – 4 PM
pill bug,November,Northern,11 PM – 4 PM
pill bug,December,Northern,11 PM – 4 PM
pill bug,January,Northern,11 PM – 4 PM
pill bug,February,Northern,11 PM – 4 PM
pill bug,March,Northern,11 PM – 4 PM
pill bug,April,Northern,11 PM – 4 PM
pill bug,May,Northern,11 PM – 4 PM
pill bug,June,Northern,11 PM – 4 PM
pill bug,March,Southern,11 PM – 4 PM
pill bug,April,Southern,11 PM – 4 PM
pill bug,May,Southern,11 PM – 4 PM
pill bug,June,Southern,11 PM – 4 PM
pill bug,July,Southern,11 PM – 4 PM
pill bug,August,Southern,11 PM – 4 PM
pill bug,September,Southern,11 PM – 4 PM
pill bug,October,Southern,11 PM – 4 PM
pill bug,November,Southern,11 PM – 4 PM
pill bug,December,Southern,11 PM – 4 PM
pondskater,May,Northern,8 AM – 7 PM
pondskater,June,Northern,8 AM – 7 PM
pondskater,July,Northern,8 AM – 7 PM
pondskater,August,Northern,8 AM – 7 PM
pondskater,September,Northern,8 AM – 7 PM
pondskater,November,Southern,8 AM – 7 PM
pondskater,December,Southern,8 AM – 7 PM
pondskater,January,Southern,8 AM – 7 PM
pondskater,February,Southern,8 AM – 7 PM
pondskater,March,Southern,8 AM – 7 PM
Queen Alexandra's birdwing,May,Northern,8 AM – 4 PM
Queen Alexandra's birdwing,June,Northern,8 AM – 4 PM
Queen Alexandra's birdwing,July,Northern,8 AM – 4 PM
Queen Alexandra's birdwing,August,Northern,8 AM – 4 PM
Queen Alexandra's birdwing,September,Northern,8 AM – 4 PM
Queen Alexandra's birdwing,November,Southern,8 AM – 4 PM
Queen Alexandra's birdwing,December,Southern,8 AM – 4 PM
Queen Alexandra's birdwing,January,Southern,8 AM – 4 PM
Queen Alexandra's birdwing,February,Southern,8 AM – 4 PM
Queen Alexandra's birdwing,March,Southern,8 AM – 4 PM
rainbow stag,June,Northern,7 PM – 8 AM
rainbow stag,July,Northern,7 PM – 8 AM
rainbow stag,August,Northern,7 PM – 8 AM
rainbow stag,September,Northern,7 PM – 8 AM
rainbow stag,December,Southern,7 PM – 8 AM
rainbow stag,January,Southern,7 PM – 8 AM
rainbow stag,February,Southern,7 PM – 8 AM
rainbow stag,March,Southern,7 PM – 8 AM
Rajah Brooke's birdwing,April,Northern,8 AM – 5 PM
Rajah Brooke's birdwing,May,Northern,8 AM – 5 PM
Rajah Brooke's birdwing,June,Northern,8 AM – 5 PM
Rajah Brooke's birdwing,July,Northern,8 AM – 5 PM
Rajah Brooke's birdwing,August,Northern,8 AM – 5 PM
Rajah Brooke's birdwing,September,Northern,8 AM – 5 PM
Rajah Brooke's birdwing,December,Northern,8 AM – 5 PM
Rajah Brooke's birdwing,January,Northern,8 AM – 5 PM
Rajah Brooke's birdwing,February,Northern,8 AM – 5 PM
Rajah Brooke's birdwing,October,Southern,8 AM – 5 PM
Rajah Brooke's birdwing,November,Southern,8 AM – 5 PM
Rajah Brooke's birdwing,December,Southern,8 AM – 5 PM
Rajah Brooke's birdwing,January,Southern,8 AM – 5 PM
Rajah Brooke's birdwing,February,Southern,8 AM – 5 PM
Rajah Brooke's birdwing,March,Southern,8 AM – 5 PM
Rajah Brooke's birdwing,June,Southern,8 AM – 5 PM
Rajah Brooke's birdwing,July,Southern,8 AM – 5 PM
Rajah Brooke's birdwing,August,Southern,8 AM – 5 PM
red dragonfly,September,Northern,8 AM – 7 PM
red dragonfly,October,Northern,8 AM – 7 PM
red dragonfly,March,Southern,8 AM – 7 PM
red dragonfly,April,Southern,8 AM – 7 PM
rice grasshopper,August,Northern,8 AM – 7 PM
rice grasshopper,September,Northern,8 AM – 7 PM
rice grasshopper,October,Northern,8 AM – 7 PM
rice grasshopper,November,Northern,8 AM – 7 PM
rice grasshopper,February,Southern,8 AM – 7 PM
rice grasshopper,March,Southern,8 AM – 7 PM
rice grasshopper,April,Southern,8 AM – 7 PM
rice grasshopper,May,Southern,8 AM – 7 PM
robust cicada,July,Northern,8 AM – 5 PM
robust cicada,August,Northern,8 AM – 5 PM
robust cicada,January,Southern,8 AM – 5 PM
robust cicada,February,Southern,8 AM – 5 PM
rosalia batesi beetle,May,Northern,All day
rosalia batesi beetle,June,Northern,All day
rosalia batesi beetle,July,Northern,All day
rosalia batesi beetle,August,Northern,All day
rosalia batesi beetle,September,Northern,All day
rosalia batesi beetle,November,Southern,All day
rosalia batesi beetle,December,Southern,All day
rosalia batesi beetle,January,Southern,All day
rosalia batesi beetle,February,Southern,All day
rosalia batesi beetle,March,Southern,All day
saw stag,July,Northern,All day
saw stag,August,Northern,All day
saw stag,January,Southern,All day
saw stag,February,Southern,All day
scarab beetle,July,Northern,11 PM – 8 AM
scarab beetle,August,Northern,11 PM – 8 AM
scarab beetle,January,Southern,11 PM – 8 AM
scarab beetle,February,Southern,11 PM – 8 AM
scorpion,May,Northern,7 PM – 4 AM
scorpion,June,Northern,7 PM – 4 AM
scorpion,July,Northern,7 PM – 4 AM
scorpion,August,Northern,7 PM – 4 AM
scorpion,September,Northern,7 PM – 4 AM
scorpion,October,Northern,7 PM – 4 AM
scorpion,November,Southern,7 PM – 4 AM
scorpion,December,Southern,7 PM – 4 AM
scorpion,January,Southern,7 PM – 4 AM
scorpion,February,Southern,7 PM – 4 AM
scorpion,March,Southern,7 PM – 4 AM
scorpion,April,Southern,7 PM – 4 AM
snail,January,Northern,All day
snail,February,Northern,All day
snail,March,Northern,All day
snail,April,Northern,All day
snail,May,Northern,All day
snail,June,Northern,All day
snail,July,Northern,All day
snail,August,Northern,All day
snail,September,Northern,All day
snail,October,Northern,All day
snail,November,Northern,All day
snail,December,Northern,All day
snail,January,Southern,All day
snail,February,Southern,All day
snail,March,Southern,All day
snail,April,Southern,All day
snail,May,Southern,All day
snail,June,Southern,All day
snail,July,Southern,All day
snail,August,Southern,All day
snail,September,Southern,All day
snail,October,Southern,All day
snail,November,Southern,All day
snail,December,Southern,All day
spider,January,Northern,7 PM – 8 AM
spider,February,Northern,7 PM – 8 AM
spider,March,Northern,7 PM – 8 AM
spider,April,Northern,7 PM – 8 AM
spider,May,Northern,7 PM – 8 AM
spider,June,Northern,7 PM – 8 AM
spider,July,Northern,7 PM – 8 AM
spider,August,Northern,7 PM – 8 AM
spider,September,Northern,7 PM – 8 AM
spider,October,Northern,7 PM – 8 AM
spider,November,Northern,7 PM – 8 AM
spider,December,Northern,7 PM – 8 AM
spider,January,Southern,7 PM – 8 AM
spider,February,Southern,7 PM – 8 AM
spider,March,Southern,7 PM – 8 AM
spider,April,Southern,7 PM – 8 AM
spider,May,Southern,7 PM – 8 AM
spider,June,Southern,7 PM – 8 AM
spider,July,Southern,7 PM – 8 AM
spider,August,Southern,7 PM – 8 AM
spider,September,Southern,7 PM – 8 AM
spider,October,Southern,7 PM – 8 AM
spider,November,Southern,7 PM – 8 AM
spider,December,Southern,7 PM – 8 AM
stinkbug,March,Northern,All day
stinkbug,April,Northern,All day
stinkbug,May,Northern,All day
stinkbug,June,Northern,All day
stinkbug,July,Northern,All day
stinkbug,August,Northern,All day
stinkbug,September,Northern,All day
stinkbug,October,Northern,All day
stinkbug,September,Southern,All day
stinkbug,October,Southern,All day
stinkbug,November,Southern,All day
stinkbug,December,Southern,All day
stinkbug,January,Southern,All day
stinkbug,February,Southern,All day
stinkbug,March,Southern,All day
stinkbug,April,Southern,All day
tarantula,November,Northern,7 PM – 4 AM
tarantula,December,Northern,7 PM – 4 AM
tarantula,January,Northern,7 PM – 4 AM
tarantula,February,Northern,7 PM – 4 AM
tarantula,March,Northern,7 PM – 4 AM
tarantula,April,Northern,7 PM – 4 AM
tarantula,May,Southern,7 PM – 4 AM
tarantula,June,Southern,7 PM – 4 AM
tarantula,July,Southern,7 PM – 4 AM
tarantula,August,Southern,7 PM – 4 AM
tarantula,September,Southern,7 PM – 4 AM
tarantula,October,Southern,7 PM – 4 AM
tiger beetle,February,Northern,All day
tiger beetle,March,Northern,All day
tiger beetle,April,Northern,All day
tiger beetle,May,Northern,All day
tiger beetle,June,Northern,All day
tiger beetle,July,Northern,All day
tiger beetle,August,Northern,All day
tiger beetle,September,Northern,All day
tiger beetle,October,Northern,All day
tiger beetle,August,Southern,All day
tiger beetle,September,Southern,All day
tiger beetle,October,Southern,All day
tiger beetle,November,Southern,All day
tiger beetle,December,Southern,All day
tiger beetle,January,Southern,All day
tiger beetle,February,Southern,All day
tiger beetle,March,Southern,All day
tiger beetle,April,Southern,All day
tiger butterfly,March,Northern,4 AM – 7 PM
tiger butterfly,April,Northern,4 AM – 7 PM
tiger butterfly,May,Northern,4 AM – 7 PM
tiger butterfly,June,Northern,4 AM – 7 PM
tiger butterfly,July,Northern,4 AM – 7 PM
tiger butterfly,August,Northern,4 AM – 7 PM
tiger butterfly,September,Northern,4 AM – 7 PM
tiger butterfly,September,Southern,4 AM – 7 PM
tiger butterfly,October,Southern,4 AM – 7 PM
tiger butterfly,November,Southern,4 AM – 7 PM
tiger butterfly,December,Southern,4 AM – 7 PM
tiger butterfly,January,Southern,4 AM – 7 PM
tiger butterfly,February,Southern,4 AM – 7 PM
tiger butterfly,March,Southern,4 AM – 7 PM
violin beetle,May,Northern,All day
violin beetle,June,Northern,All day
violin beetle,September,Northern,All day
violin beetle,October,Northern,All day
violin beetle,November,Northern,All day
violin beetle,March,Southern,All day
violin beetle,April,Southern,All day
violin beetle,May,Southern,All day
violin beetle,November,Southern,All day
violin beetle,December,Southern,All day
walker cicada,August,Northern,8 AM – 4 PM
walker cicada,September,Northern,8 AM – 4 PM
walker cicada,February,Southern,8 AM – 4 PM
walker cicada,March,Southern,8 AM – 4 PM
walking leaf,July,Northern,All day
walking leaf,August,Northern,All day
walking leaf,September,Northern,All day
walking leaf,January,Southern,All day
walking leaf,February,Southern,All day
walking leaf,March,Southern,All day
walking stick,July,Northern,"4 AM – 8 AM, 5 PM – 7 PM"
walking stick,August,Northern,"4 AM – 8 AM, 5 PM – 7 PM"
walking stick,September,Northern,"4 AM – 8 AM, 5 PM – 7 PM"
walking stick,October,Northern,"4 AM – 8 AM, 5 PM – 7 PM"
walking stick,November,Northern,"4 AM – 8 AM, 5 PM – 7 PM"
walking stick,January,Southern,"4 AM – 8 AM, 5 PM – 7 PM"
walking stick,February,Southern,"4 AM – 8 AM, 5 PM – 7 PM"
walking stick,March,Southern,"4 AM – 8 AM, 5 PM – 7 PM"
walking stick,April,Southern,"4 AM – 8 AM, 5 PM – 7 PM"
walking stick,May,Southern,"4 AM – 8 AM, 5 PM – 7 PM"
wasp,January,Northern,All day
wasp,February,Northern,All day
wasp,March,Northern,All day
wasp,April,Northern,All day
wasp,May,Northern,All day
wasp,June,Northern,All day
wasp,July,Northern,All day
wasp,August,Northern,All day
wasp,September,Northern,All day
wasp,October,Northern,All day
wasp,November,Northern,All day
wasp,December,Northern,All day
wasp,January,Southern,All day
wasp,February,Southern,All day
wasp,March,Southern,All day
wasp,April,Southern,All day
wasp,May,Southern,All day
wasp,June,Southern,All day
wasp,July,Southern,All day
wasp,August,Southern,All day
wasp,September,Southern,All day
wasp,October,Southern,All day
wasp,November,Southern,All day
wasp,December,Southern,All day
wharf roach,January,Northern,All day
wharf roach,February,Northern,All day
wharf roach,March,Northern,All day
wharf roach,April,Northern,All day
wharf roach,May,Northern,All day
wharf roach,June,Northern,All day
wharf roach,July,Northern,All day
wharf roach,August,Northern,All day
wharf roach,September,Northern,All day
wharf roach,October,Northern,All day
wharf roach,November,Northern,All day
wharf roach,December,Northern,All day
wharf roach,January,Southern,All day
wharf roach,February,Southern,All day
wharf roach,March,Southern,All day
wharf roach,April,Southern,All day
wharf roach,May,Southern,All day
wharf roach,June,Southern,All day
wharf roach,July,Southern,All day
wharf roach,August,Southern,All day
wharf roach,September,Southern,All day
wharf roach,October,Southern,All day
wharf roach,November,Southern,All day
wharf roach,December,Southern,All day
yellow butterfly,March,Northern,4 AM – 7 PM
yellow butterfly,April,Northern,4 AM – 7 PM
yellow butterfly,May,Northern,4 AM – 7 PM
yellow butterfly,June,Northern,4 AM – 7 PM
yellow butterfly,September,Northern,4 AM – 7 PM
yellow butterfly,October,Northern,4 AM – 7 PM
yellow butterfly,March,Southern,4 AM – 7 PM
yellow butterfly,April,Southern,4 AM – 7 PM
yellow butterfly,September,Southern,4 AM – 7 PM
yellow butterfly,October,Southern,4 AM – 7 PM
yellow butterfly,November,Southern,4 AM – 7 PM
yellow butterfly,December,Southern,4 AM – 7 PM
